sepal_length,sepal_width,petal_length,petal_width,species
5.6,3.5,1.5,0.4,setosa
5.1,3.6,1.5,0.1,setosa
4.8,3.7,1.6,0.2,setosa
5.3,3.2,1.6,0.2,setosa
5.0,3.4,1.7,0.1,setosa
4.7,3.4,1.7,0.3,setosa
6.1,2.9,1.1,0.2,setosa
5.0,3.2,1.5,0.3,setosa
4.8,2.8,1.2,0.2,setosa
4.6,3.0,1.8,0.3,setosa
4.8,3.3,1.2,0.3,setosa
5.2,3.1,1.7,0.4,setosa
5.1,2.7,1.4,0.3,setosa
4.5,3.4,1.8,0.3,setosa
5.4,3.4,1.3,0.2,setosa
4.8,3.3,1.6,0.1,setosa
4.9,4.0,1.5,0.2,setosa
5.3,3.3,1.5,0.1,setosa
4.6,3.2,1.2,0.3,setosa
4.8,2.9,1.4,0.3,setosa
4.9,2.9,1.7,0.1,setosa
5.1,3.8,1.4,0.3,setosa
4.5,4.0,1.4,0.3,setosa
5.1,2.9,1.3,0.2,setosa
4.5,2.9,1.4,0.3,setosa
4.9,3.5,1.5,0.1,setosa
5.1,3.0,1.3,0.3,setosa
5.1,2.8,1.6,0.3,setosa
5.3,3.6,1.6,0.3,setosa
5.5,3.4,1.1,0.2,setosa
5.3,2.4,1.6,0.1,setosa
4.9,3.3,1.7,0.1,setosa
5.1,3.4,1.5,0.1,setosa
5.3,3.6,1.3,0.3,setosa
5.0,3.5,1.2,0.3,setosa
4.9,3.9,1.8,0.3,setosa
5.0,3.6,1.5,0.2,setosa
5.9,3.4,1.2,0.3,setosa
5.0,3.6,1.4,0.3,setosa
5.1,3.9,1.7,0.3,setosa
5.1,3.1,1.5,0.2,setosa
5.0,3.4,1.5,0.2,setosa
5.2,3.8,1.3,0.3,setosa
5.8,3.7,1.6,0.2,setosa
4.6,3.4,1.5,0.3,setosa
5.3,3.7,1.2,0.2,setosa
4.6,3.3,1.6,0.3,setosa
5.5,3.2,1.5,0.2,setosa
4.6,3.2,1.7,0.3,setosa
5.3,3.3,1.8,0.2,setosa
5.4,2.6,4.6,1.3,versicolor
5.7,2.5,3.3,1.2,versicolor
5.9,2.6,3.9,1.7,versicolor
5.8,3.0,2.6,0.9,versicolor
5.5,2.9,4.6,1.3,versicolor
5.0,2.9,4.8,1.5,versicolor
6.0,2.5,4.4,1.2,versicolor
5.9,2.7,4.0,1.4,versicolor
6.0,2.8,3.6,1.4,versicolor
5.6,3.1,3.5,1.6,versicolor
6.9,2.6,3.9,1.2,versicolor
6.6,2.7,4.7,1.7,versicolor
5.6,3.1,4.0,1.2,versicolor
6.5,2.5,5.0,1.5,versicolor
5.7,2.7,5.0,1.0,versicolor
5.7,2.6,4.4,1.5,versicolor
5.8,2.2,4.6,1.8,versicolor
6.3,2.8,5.0,1.4,versicolor
6.2,3.0,3.3,1.3,versicolor
5.3,2.8,4.6,1.1,versicolor
5.7,2.6,4.7,1.5,versicolor
5.1,2.3,4.1,1.2,versicolor
6.3,2.9,4.3,1.3,versicolor
6.2,2.4,4.1,1.4,versicolor
6.2,2.4,3.8,1.2,versicolor
5.6,2.8,4.2,1.0,versicolor
6.5,2.4,4.3,1.0,versicolor
6.4,3.0,4.0,1.1,versicolor
5.4,2.2,4.4,1.5,versicolor
6.6,2.5,4.0,1.2,versicolor
5.2,2.7,4.3,1.0,versicolor
6.3,2.7,4.7,1.7,versicolor
6.5,2.4,3.7,1.2,versicolor
6.3,3.0,3.2,1.1,versicolor
5.6,2.8,4.2,0.9,versicolor
5.4,3.2,3.2,1.7,versicolor
6.4,2.6,4.4,0.9,versicolor
5.6,2.6,3.7,1.7,versicolor
6.6,3.3,5.2,1.6,versicolor
6.0,2.4,5.1,1.3,versicolor
6.0,3.2,4.0,1.6,versicolor
6.1,2.4,3.8,1.5,versicolor
6.1,2.6,4.5,1.1,versicolor
6.0,2.6,3.5,1.3,versicolor
5.4,2.9,4.4,1.2,versicolor
5.8,2.7,4.2,1.3,versicolor
5.4,2.5,4.1,1.1,versicolor
6.9,3.0,5.2,1.3,versicolor
5.6,2.6,3.7,1.2,versicolor
6.3,3.1,3.1,0.9,versicolor
6.1,2.8,5.6,1.4,virginica
5.8,2.9,5.8,1.6,virginica
7.3,2.8,5.1,2.2,virginica
6.3,3.0,5.5,2.4,virginica
6.8,2.5,5.8,1.7,virginica
5.7,2.6,5.1,1.6,virginica
5.8,2.6,5.4,2.1,virginica
7.7,3.0,5.1,2.0,virginica
6.3,2.3,5.1,2.5,virginica
6.7,2.5,5.1,1.9,virginica
6.9,3.2,6.9,2.0,virginica
6.4,2.6,6.1,2.2,virginica
6.8,2.8,4.7,2.3,virginica
5.6,2.6,6.1,2.0,virginica
6.7,3.2,5.6,2.3,virginica
6.3,3.1,6.4,1.4,virginica
6.7,2.4,5.6,2.3,virginica
5.5,2.3,4.2,1.5,virginica
6.3,2.9,4.8,2.0,virginica
6.5,3.0,5.6,1.9,virginica
7.1,2.6,6.1,2.2,virginica
6.0,3.0,4.7,2.1,virginica
6.5,3.2,5.3,1.8,virginica
6.4,3.3,6.2,1.9,virginica
5.8,3.3,4.6,1.9,virginica
5.3,2.3,5.1,1.9,virginica
5.8,3.4,6.3,1.9,virginica
7.3,2.8,5.7,2.2,virginica
6.1,3.0,7.0,2.4,virginica
6.9,2.9,6.6,1.5,virginica
7.2,3.1,5.7,2.1,virginica
6.0,2.9,5.1,2.2,virginica
6.9,2.7,5.7,1.6,virginica
6.3,2.3,5.6,2.2,virginica
6.8,3.0,5.4,2.3,virginica
6.1,2.9,5.3,2.4,virginica
6.1,2.9,5.7,2.2,virginica
5.8,3.6,5.6,2.4,virginica
6.4,2.8,5.5,2.4,virginica
7.1,3.1,5.2,1.9,virginica
6.9,2.5,5.2,1.8,virginica
6.0,2.5,5.8,1.8,virginica
5.6,2.3,5.5,2.5,virginica
6.3,3.2,6.5,2.1,virginica
5.8,2.9,5.4,2.2,virginica
6.5,2.8,5.0,2.0,virginica
5.7,3.4,6.0,2.0,virginica
5.9,3.2,5.1,1.7,virginica
6.2,2.6,5.9,1.3,virginica
5.4,2.7,5.4,1.4,virginica
