CustomerID,Payment Method,Tenure Months,Monthly Charges,Total Revenue,CLTV,GB Used per Month,Churn Value
TELCO-10000,Credit Card,4,92.67,355.95,4933.0,22.3,1
TELCO-10001,Credit Card,55,23.11,1284.02,5900.6,9.8,0
TELCO-10002,Electronic Check,29,64.02,1904.63,3443.47,25.1,0
TELCO-10003,Electronic Check,44,47.23,1995.45,4809.67,19.9,0
TELCO-10004,Mailed Check,45,79.17,3575.56,7504.02,69.0,0
TELCO-10005,Electronic Check,11,74.1,844.58,4373.08,70.8,1
TELCO-10006,Credit Card,6,84.8,526.88,6049.18,66.2,0
TELCO-10007,Electronic Check,36,64.43,2285.91,5415.79,71.2,1
TELCO-10008,Credit Card,22,72.35,1555.08,6714.26,22.3,0
TELCO-10009,Bank Withdrawal,42,102.6,4107.57,3969.54,66.4,1
TELCO-10010,Mailed Check,9,40.68,359.33,5174.47,80.3,0
TELCO-10011,Electronic Check,59,34.0,2013.82,6836.56,13.6,0
TELCO-10012,Electronic Check,52,55.48,2883.09,6201.02,84.8,1
TELCO-10013,Credit Card,20,81.49,1558.66,4217.29,67.7,0
TELCO-10014,Electronic Check,68,44.64,3090.25,4215.48,47.9,0
TELCO-10015,Mailed Check,44,30.93,1422.68,7041.34,38.1,0
TELCO-10016,Mailed Check,65,94.67,6230.65,6912.51,44.1,1
TELCO-10017,Bank Withdrawal,20,56.64,1180.65,6633.22,15.4,0
TELCO-10018,Mailed Check,63,21.91,1426.11,4958.81,79.1,0
TELCO-10019,Credit Card,31,106.04,3282.63,2586.46,80.6,1
TELCO-10020,Bank Withdrawal,17,84.66,1443.2,5154.67,80.6,0
TELCO-10021,Bank Withdrawal,70,94.02,6514.92,6772.59,59.3,0
TELCO-10022,Mailed Check,57,108.16,5896.34,3019.65,39.5,1
TELCO-10023,Bank Withdrawal,29,20.7,574.33,2366.36,60.8,1
TELCO-10024,Mailed Check,10,70.39,706.66,5005.09,25.1,1
TELCO-10025,Electronic Check,32,96.89,2975.51,4239.73,69.0,1
TELCO-10026,Electronic Check,53,65.77,3654.58,3767.88,62.5,0
TELCO-10027,Electronic Check,44,98.46,4347.96,3230.82,11.1,1
TELCO-10028,Bank Withdrawal,36,65.34,2424.69,6251.85,74.6,1
TELCO-10029,Credit Card,7,83.91,563.48,5066.04,46.9,1
TELCO-10030,Bank Withdrawal,22,59.83,1369.23,3290.87,42.0,0
TELCO-10031,Credit Card,50,45.99,2281.8,7557.93,67.1,0
TELCO-10032,Electronic Check,20,38.61,790.4,2274.31,20.1,1
TELCO-10033,Mailed Check,8,24.91,199.9,2455.96,41.6,0
TELCO-10034,Credit Card,24,26.72,635.11,6837.18,7.6,0
TELCO-10035,Bank Withdrawal,6,80.7,485.3,6356.18,36.8,0
TELCO-10036,Bank Withdrawal,41,43.39,1743.41,4447.8,34.9,0
TELCO-10037,Credit Card,2,64.91,124.28,3009.19,84.9,0
TELCO-10038,Mailed Check,17,111.46,1870.1,3134.86,75.1,0
TELCO-10039,Mailed Check,68,20.77,1435.44,7925.19,69.8,0
TELCO-10040,Bank Withdrawal,34,31.31,1040.31,5571.73,10.9,0
TELCO-10041,Mailed Check,27,87.37,2300.28,6761.72,72.8,0
TELCO-10042,Credit Card,12,82.16,969.51,2388.69,70.8,1
TELCO-10043,Mailed Check,21,92.64,1850.05,2363.6,47.8,1
TELCO-10044,Bank Withdrawal,70,23.53,1635.54,3938.23,32.6,0
TELCO-10045,Mailed Check,6,108.09,622.78,5160.52,19.4,1
TELCO-10046,Electronic Check,20,110.72,2280.81,2796.74,21.6,1
TELCO-10047,Electronic Check,4,37.58,148.99,5114.58,78.7,0
TELCO-10048,Bank Withdrawal,35,35.6,1188.53,4993.11,60.2,0
TELCO-10049,Bank Withdrawal,59,54.27,3113.21,6445.15,70.1,0
TELCO-10050,Electronic Check,43,47.3,2003.62,5367.33,7.8,0
TELCO-10051,Mailed Check,4,31.3,130.99,2794.6,82.5,1
TELCO-10052,Credit Card,56,53.88,3163.39,3920.41,67.3,0
TELCO-10053,Bank Withdrawal,33,24.35,828.18,5915.86,38.2,0
TELCO-10054,Bank Withdrawal,47,62.27,2962.73,6160.24,80.8,0
TELCO-10055,Credit Card,39,69.7,2771.91,5469.86,57.4,0
TELCO-10056,Bank Withdrawal,54,85.16,4448.74,5910.97,33.5,0
TELCO-10057,Electronic Check,71,101.71,7427.77,6004.98,27.2,1
TELCO-10058,Mailed Check,60,63.3,3909.56,7819.24,58.1,0
TELCO-10059,Bank Withdrawal,11,47.81,504.53,6559.0,57.1,0
TELCO-10060,Bank Withdrawal,40,42.01,1637.52,4638.11,18.5,1
TELCO-10061,Credit Card,59,60.62,3646.81,5699.7,54.3,0
TELCO-10062,Bank Withdrawal,19,84.29,1644.76,2954.64,2.5,0
TELCO-10063,Electronic Check,29,37.24,1031.39,3846.39,81.5,0
TELCO-10064,Credit Card,59,33.07,1962.63,4902.84,40.6,0
TELCO-10065,Electronic Check,65,61.82,3881.34,7501.73,77.3,0
TELCO-10066,Electronic Check,34,93.67,3273.21,4530.69,71.7,1
TELCO-10067,Bank Withdrawal,36,63.11,2234.67,6918.62,61.2,0
TELCO-10068,Credit Card,18,34.78,608.13,4316.91,33.8,0
TELCO-10069,Mailed Check,70,65.66,4545.4,7214.08,7.2,0
TELCO-10070,Credit Card,49,66.74,3234.28,7237.39,80.2,0
TELCO-10071,Electronic Check,69,93.26,6255.11,4712.4,47.3,0
TELCO-10072,Electronic Check,63,22.84,1425.15,4317.7,29.9,0
TELCO-10073,Electronic Check,17,116.11,1992.01,5408.5,46.3,0
TELCO-10074,Credit Card,55,33.3,1809.36,4327.47,40.3,0
TELCO-10075,Mailed Check,44,94.6,4300.56,4235.22,33.5,0
TELCO-10076,Credit Card,61,21.9,1315.86,6450.65,46.8,0
TELCO-10077,Credit Card,4,113.06,436.52,2167.99,18.5,1
TELCO-10078,Credit Card,28,65.57,1855.4,7036.81,23.3,0
TELCO-10079,Credit Card,21,114.54,2360.11,5073.06,11.0,1
TELCO-10080,Electronic Check,51,112.26,5914.52,4367.82,18.5,0
TELCO-10081,Mailed Check,16,98.03,1573.62,4876.85,49.0,1
TELCO-10082,Credit Card,65,83.46,5419.58,5575.86,3.1,0
TELCO-10083,Mailed Check,59,89.32,5515.18,4690.37,38.1,0
TELCO-10084,Electronic Check,60,62.69,3893.69,7238.29,62.7,0
TELCO-10085,Credit Card,36,106.4,3872.66,4605.45,22.2,0
TELCO-10086,Credit Card,64,103.39,6814.03,5131.52,17.1,0
TELCO-10087,Mailed Check,72,20.99,1544.54,5498.6,80.7,1
TELCO-10088,Bank Withdrawal,61,83.3,4874.52,4522.18,42.7,0
TELCO-10089,Bank Withdrawal,40,85.07,3349.63,7484.84,32.6,0
TELCO-10090,Mailed Check,46,88.88,3933.39,3516.63,24.5,1
TELCO-10091,Credit Card,69,113.19,7996.46,4969.25,59.3,0
TELCO-10092,Mailed Check,13,101.6,1294.68,5011.08,26.6,1
TELCO-10093,Bank Withdrawal,36,24.46,919.66,5770.41,6.5,0
TELCO-10094,Electronic Check,14,105.53,1468.62,3179.64,49.6,0
TELCO-10095,Credit Card,33,112.22,3666.49,3158.37,41.7,0
TELCO-10096,Credit Card,20,34.62,726.6,3033.03,48.7,0
TELCO-10097,Electronic Check,29,96.02,2728.15,5373.36,33.6,0
TELCO-10098,Electronic Check,40,75.73,2907.8,6432.32,7.0,0
TELCO-10099,Bank Withdrawal,34,84.72,2758.08,2862.04,15.0,0
TELCO-10100,Electronic Check,61,48.54,3021.04,5568.14,21.2,0
TELCO-10101,Bank Withdrawal,34,97.21,3448.47,4763.13,53.9,0
TELCO-10102,Bank Withdrawal,20,109.02,2107.56,3384.25,70.6,1
TELCO-10103,Mailed Check,57,32.19,1916.05,5677.12,59.2,0
TELCO-10104,Electronic Check,57,27.88,1560.92,4551.66,5.3,0
TELCO-10105,Credit Card,30,114.27,3582.63,7248.08,71.4,0
TELCO-10106,Mailed Check,6,94.78,565.39,2901.7,16.5,1
TELCO-10107,Electronic Check,63,114.97,7113.5,4045.7,41.0,0
TELCO-10108,Bank Withdrawal,43,60.34,2568.79,6497.25,43.1,0
TELCO-10109,Credit Card,59,28.63,1735.21,7367.1,22.9,0
TELCO-10110,Credit Card,70,65.27,4624.93,5993.22,6.5,0
TELCO-10111,Electronic Check,7,39.95,277.92,5317.13,47.6,0
TELCO-10112,Credit Card,4,115.37,445.71,4078.78,52.5,1
TELCO-10113,Electronic Check,12,42.02,526.78,4714.69,71.8,1
TELCO-10114,Bank Withdrawal,64,111.4,7069.35,5771.25,26.2,0
TELCO-10115,Electronic Check,32,64.77,2093.24,5658.32,14.0,1
TELCO-10116,Bank Withdrawal,9,47.07,442.03,4009.82,67.6,1
TELCO-10117,Credit Card,37,91.15,3426.49,6818.67,71.5,0
TELCO-10118,Electronic Check,69,67.47,4598.27,7922.84,29.6,0
TELCO-10119,Bank Withdrawal,31,76.04,2249.67,6126.17,21.4,0
TELCO-10120,Electronic Check,50,116.86,5639.73,7591.71,67.8,0
TELCO-10121,Bank Withdrawal,65,114.6,7706.02,3573.7,29.6,1
TELCO-10122,Electronic Check,2,90.8,175.32,3662.71,36.0,1
TELCO-10123,Mailed Check,44,81.08,3506.36,5634.61,35.0,1
TELCO-10124,Electronic Check,41,81.43,3352.32,5803.57,75.7,0
TELCO-10125,Bank Withdrawal,37,117.75,4181.8,5776.87,64.0,0
TELCO-10126,Credit Card,57,36.3,2032.76,3177.54,26.9,1
TELCO-10127,Mailed Check,48,62.21,3040.37,4010.26,22.3,0
TELCO-10128,Bank Withdrawal,11,79.73,876.83,4899.21,33.8,0
TELCO-10129,Bank Withdrawal,60,82.51,5148.08,5593.64,40.1,0
TELCO-10130,Mailed Check,70,35.48,2505.35,6625.22,38.7,0
TELCO-10131,Electronic Check,33,64.77,2212.93,3304.94,27.1,0
TELCO-10132,Electronic Check,46,76.33,3678.99,5612.03,84.4,1
TELCO-10133,Mailed Check,2,75.46,144.11,4778.83,58.9,0
TELCO-10134,Electronic Check,37,96.02,3452.91,3780.59,21.1,0
TELCO-10135,Mailed Check,18,81.57,1440.21,4433.7,77.0,0
TELCO-10136,Mailed Check,17,28.83,474.21,3019.72,26.5,0
TELCO-10137,Mailed Check,68,69.18,4899.02,7448.85,24.6,1
TELCO-10138,Mailed Check,44,98.81,4458.14,3615.27,40.9,1
TELCO-10139,Electronic Check,72,55.85,4035.91,5346.54,67.6,1
TELCO-10140,Mailed Check,49,100.6,4798.19,2837.61,80.0,1
TELCO-10141,Mailed Check,29,83.47,2469.3,5646.58,54.7,0
TELCO-10142,Credit Card,18,24.44,423.03,3506.6,5.1,0
TELCO-10143,Bank Withdrawal,50,64.46,3366.74,5136.07,57.7,0
TELCO-10144,Bank Withdrawal,54,84.18,4745.3,4608.83,71.2,0
TELCO-10145,Mailed Check,28,63.45,1705.42,5785.56,80.9,0
TELCO-10146,Mailed Check,8,59.02,488.59,3746.23,17.8,1
TELCO-10147,Bank Withdrawal,3,24.96,77.03,2998.43,29.7,0
TELCO-10148,Bank Withdrawal,28,99.68,2871.6,5381.92,21.3,0
TELCO-10149,Mailed Check,19,116.78,2132.27,6374.02,46.8,0
TELCO-10150,Bank Withdrawal,2,55.11,104.88,3244.15,67.4,0
TELCO-10151,Bank Withdrawal,54,71.56,3971.67,5659.57,63.9,0
TELCO-10152,Credit Card,58,69.38,4138.01,6851.41,80.5,1
TELCO-10153,Mailed Check,59,83.05,5070.12,5393.23,4.6,0
TELCO-10154,Credit Card,63,89.82,5558.0,4242.5,38.8,0
TELCO-10155,Bank Withdrawal,36,81.18,2887.67,5588.26,50.6,0
TELCO-10156,Mailed Check,59,69.54,3944.66,6421.21,37.7,0
TELCO-10157,Bank Withdrawal,56,64.25,3581.27,5271.95,21.0,0
TELCO-10158,Credit Card,41,61.82,2446.58,7178.43,57.2,0
TELCO-10159,Credit Card,12,101.51,1247.21,5452.96,9.7,1
TELCO-10160,Credit Card,72,75.04,5604.74,8035.08,57.6,0
TELCO-10161,Electronic Check,7,114.9,810.57,2632.32,51.8,1
TELCO-10162,Electronic Check,29,103.03,2872.8,3978.56,31.1,0
TELCO-10163,Bank Withdrawal,55,102.83,5719.88,6267.15,82.9,0
TELCO-10164,Credit Card,35,22.84,833.1,4454.61,24.7,0
TELCO-10165,Bank Withdrawal,19,75.5,1453.6,2112.96,35.3,1
TELCO-10166,Bank Withdrawal,49,61.14,3062.25,6720.76,30.3,0
TELCO-10167,Credit Card,7,35.25,236.43,3669.01,64.6,1
TELCO-10168,Electronic Check,63,79.49,5014.05,4628.28,36.4,1
TELCO-10169,Credit Card,37,86.47,3138.1,3917.33,51.2,0
TELCO-10170,Credit Card,1,40.03,41.09,3327.51,80.5,0
TELCO-10171,Credit Card,1,68.74,68.96,2560.5,37.7,1
TELCO-10172,Mailed Check,10,58.91,586.73,2100.38,63.6,1
TELCO-10173,Mailed Check,55,76.19,4029.19,3468.85,60.9,0
TELCO-10174,Mailed Check,22,98.53,2258.65,2946.58,53.3,0
TELCO-10175,Credit Card,32,62.7,2080.74,5656.12,35.2,1
TELCO-10176,Bank Withdrawal,43,96.35,4155.73,3947.57,8.3,0
TELCO-10177,Mailed Check,45,91.28,3999.27,3784.0,70.0,0
TELCO-10178,Bank Withdrawal,23,79.04,1759.23,6052.82,65.1,0
TELCO-10179,Electronic Check,60,93.94,5875.47,6040.21,65.1,0
TELCO-10180,Mailed Check,41,34.79,1398.26,4261.03,7.7,0
TELCO-10181,Credit Card,46,69.72,3065.01,6892.63,27.8,0
TELCO-10182,Credit Card,12,80.27,968.47,5863.18,44.1,0
TELCO-10183,Credit Card,58,109.09,6393.66,5706.15,49.4,0
TELCO-10184,Credit Card,58,30.14,1785.58,5720.47,76.6,0
TELCO-10185,Bank Withdrawal,6,44.28,266.28,2364.36,38.3,1
TELCO-10186,Mailed Check,37,57.97,2048.88,5763.99,66.3,0
TELCO-10187,Mailed Check,9,52.31,459.11,5557.05,48.3,1
TELCO-10188,Bank Withdrawal,43,27.99,1180.73,6027.25,57.1,0
TELCO-10189,Electronic Check,17,78.31,1314.85,5487.48,79.9,1
TELCO-10190,Bank Withdrawal,68,29.16,1887.35,5089.9,57.6,0
TELCO-10191,Bank Withdrawal,44,112.87,4786.28,2947.24,42.4,1
TELCO-10192,Credit Card,65,95.55,5923.66,5140.44,71.3,0
TELCO-10193,Bank Withdrawal,49,35.12,1742.35,7286.95,17.0,0
TELCO-10194,Electronic Check,6,60.26,359.54,2932.18,58.1,1
TELCO-10195,Electronic Check,30,72.33,2163.18,6508.01,27.7,0
TELCO-10196,Mailed Check,57,65.24,3728.89,7773.21,25.4,0
TELCO-10197,Bank Withdrawal,18,105.55,1875.43,6654.32,6.3,0
TELCO-10198,Credit Card,37,28.22,1045.53,6664.71,15.3,0
TELCO-10199,Credit Card,29,100.04,2876.47,4509.04,75.4,0
TELCO-10200,Mailed Check,31,57.84,1760.53,2720.87,8.8,1
TELCO-10201,Mailed Check,19,33.48,648.59,3099.57,25.8,0
TELCO-10202,Electronic Check,58,80.3,4524.97,3622.84,77.2,1
TELCO-10203,Electronic Check,15,96.06,1403.21,4750.28,21.7,1
TELCO-10204,Electronic Check,9,30.86,264.31,4044.19,77.1,1
TELCO-10205,Bank Withdrawal,19,48.54,928.78,3317.91,2.1,0
TELCO-10206,Credit Card,68,115.52,7861.12,8147.49,7.6,0
TELCO-10207,Credit Card,50,105.59,5212.61,6612.92,5.6,0
TELCO-10208,Mailed Check,9,53.79,497.25,5033.34,62.8,1
TELCO-10209,Mailed Check,18,24.34,423.89,5956.14,47.3,0
TELCO-10210,Electronic Check,62,81.91,5218.68,5109.56,69.4,1
TELCO-10211,Mailed Check,26,24.29,658.91,4469.23,18.6,1
TELCO-10212,Electronic Check,33,23.59,806.66,2540.12,55.7,1
TELCO-10213,Mailed Check,35,32.2,1154.42,6900.87,32.5,0
TELCO-10214,Electronic Check,44,115.42,5293.97,5436.74,43.2,0
TELCO-10215,Credit Card,55,27.73,1532.09,4820.45,52.0,0
TELCO-10216,Credit Card,42,84.77,3534.03,6153.94,27.4,0
TELCO-10217,Mailed Check,58,24.15,1470.48,4685.5,74.2,0
TELCO-10218,Credit Card,10,85.78,879.24,2469.94,35.7,1
TELCO-10219,Credit Card,19,103.17,1886.96,3536.98,58.3,0
TELCO-10220,Mailed Check,47,57.52,2751.85,7444.71,49.1,0
TELCO-10221,Mailed Check,57,94.78,5347.37,6348.02,49.6,0
TELCO-10222,Bank Withdrawal,15,22.54,352.08,2904.92,17.4,0
TELCO-10223,Mailed Check,58,41.03,2498.4,4350.8,52.8,0
TELCO-10224,Bank Withdrawal,10,64.3,616.49,4818.68,76.6,1
TELCO-10225,Mailed Check,45,89.53,3948.26,3333.77,47.6,1
TELCO-10226,Bank Withdrawal,47,69.86,3164.85,6731.68,12.1,0
TELCO-10227,Credit Card,47,74.29,3509.66,5928.77,32.6,0
TELCO-10228,Credit Card,9,50.31,453.95,5686.24,85.0,0
TELCO-10229,Credit Card,17,115.29,1995.23,3975.32,55.3,0
TELCO-10230,Bank Withdrawal,17,62.4,1020.93,2613.57,77.6,1
TELCO-10231,Bank Withdrawal,21,51.62,1131.81,6552.17,60.9,0
TELCO-10232,Credit Card,33,39.24,1311.11,5589.93,81.4,0
TELCO-10233,Credit Card,65,82.82,5206.3,6435.16,51.1,0
TELCO-10234,Mailed Check,6,100.87,613.78,4245.47,4.4,1
TELCO-10235,Bank Withdrawal,54,80.57,4370.61,6238.58,4.5,0
TELCO-10236,Mailed Check,62,44.0,2715.33,6648.76,69.0,0
TELCO-10237,Bank Withdrawal,57,60.73,3338.26,7301.68,40.5,0
TELCO-10238,Mailed Check,45,115.59,5233.62,4061.02,12.9,1
TELCO-10239,Electronic Check,16,46.21,723.85,3628.67,22.6,1
TELCO-10240,Electronic Check,32,114.34,3817.58,6045.08,76.9,0
TELCO-10241,Bank Withdrawal,21,68.83,1417.76,2629.29,44.7,0
TELCO-10242,Electronic Check,65,64.81,4022.52,4891.1,22.0,0
TELCO-10243,Electronic Check,37,72.6,2788.94,6198.79,72.3,0
TELCO-10244,Electronic Check,47,24.43,1132.42,4473.71,6.2,0
TELCO-10245,Electronic Check,65,64.13,4219.82,6374.69,47.6,0
TELCO-10246,Bank Withdrawal,13,58.6,795.24,5722.34,68.0,0
TELCO-10247,Bank Withdrawal,66,59.34,4000.09,6767.85,5.3,1
TELCO-10248,Electronic Check,20,79.41,1606.16,2731.26,44.8,1
TELCO-10249,Mailed Check,44,69.72,3086.98,5237.02,44.3,0
TELCO-10250,Credit Card,48,52.46,2469.65,7244.45,11.1,0
TELCO-10251,Credit Card,61,46.02,2829.25,4548.94,56.4,0
TELCO-10252,Credit Card,62,36.71,2353.67,4214.99,54.2,0
TELCO-10253,Bank Withdrawal,5,76.11,378.31,3509.51,60.1,1
TELCO-10254,Electronic Check,27,60.22,1686.56,5986.27,66.3,0
TELCO-10255,Credit Card,18,70.83,1272.18,4145.71,48.6,0
TELCO-10256,Bank Withdrawal,59,109.39,6629.55,6719.16,30.4,0
TELCO-10257,Mailed Check,62,38.84,2341.83,7928.1,22.5,0
TELCO-10258,Mailed Check,37,89.08,3289.3,5447.19,59.3,0
TELCO-10259,Mailed Check,37,31.94,1238.52,6607.7,58.2,0
TELCO-10260,Bank Withdrawal,38,24.12,955.42,5401.87,81.3,1
TELCO-10261,Electronic Check,28,39.8,1136.26,3317.73,46.7,0
TELCO-10262,Bank Withdrawal,32,24.98,778.0,3250.89,77.1,0
TELCO-10263,Mailed Check,61,29.85,1830.02,7205.95,66.0,1
TELCO-10264,Electronic Check,61,66.79,4001.33,6431.54,18.6,0
TELCO-10265,Credit Card,30,72.44,2263.0,3537.79,62.0,0
TELCO-10266,Bank Withdrawal,5,117.72,614.3,5954.59,35.0,1
TELCO-10267,Mailed Check,5,20.91,109.6,2905.53,49.1,1
TELCO-10268,Electronic Check,18,103.4,1789.11,2681.22,40.8,1
TELCO-10269,Electronic Check,33,90.42,2922.7,5359.81,3.2,1
TELCO-10270,Bank Withdrawal,23,79.87,1823.73,4050.67,55.0,0
TELCO-10271,Electronic Check,13,38.11,482.95,2998.53,13.7,1
TELCO-10272,Bank Withdrawal,58,93.87,5565.81,3501.46,81.2,0
TELCO-10273,Mailed Check,31,26.09,801.14,4536.34,11.8,1
TELCO-10274,Mailed Check,16,82.59,1284.55,6708.12,80.1,0
TELCO-10275,Electronic Check,20,64.59,1317.89,6607.59,84.1,0
TELCO-10276,Bank Withdrawal,32,86.67,2780.51,5176.78,51.5,0
TELCO-10277,Mailed Check,10,109.89,1143.17,3159.71,11.3,0
TELCO-10278,Bank Withdrawal,22,52.16,1113.71,4674.16,45.2,1
TELCO-10279,Credit Card,66,63.66,4166.03,6187.6,6.6,0
TELCO-10280,Electronic Check,40,90.88,3724.55,5602.4,34.9,0
TELCO-10281,Credit Card,55,53.76,3085.3,3685.59,7.3,0
TELCO-10282,Electronic Check,5,48.13,244.06,4906.8,16.9,1
TELCO-10283,Electronic Check,48,117.3,5859.43,4890.4,33.7,0
TELCO-10284,Bank Withdrawal,45,31.63,1370.31,7529.26,84.4,0
TELCO-10285,Credit Card,3,115.89,345.03,3781.74,40.4,0
TELCO-10286,Bank Withdrawal,32,65.14,2162.69,6244.7,14.9,0
TELCO-10287,Credit Card,54,80.26,4221.64,3652.81,79.7,0
TELCO-10288,Credit Card,58,78.58,4667.27,4760.19,60.4,1
TELCO-10289,Bank Withdrawal,70,41.29,2891.43,5051.69,73.7,0
TELCO-10290,Mailed Check,42,43.22,1819.1,4911.02,74.7,0
TELCO-10291,Mailed Check,8,74.56,577.1,5254.38,51.1,0
TELCO-10292,Electronic Check,7,115.28,830.02,3109.31,80.2,1
TELCO-10293,Electronic Check,53,34.62,1830.0,7147.03,33.2,0
TELCO-10294,Mailed Check,19,98.97,1968.39,4982.79,77.9,0
TELCO-10295,Bank Withdrawal,50,43.8,2282.47,7062.1,18.9,0
TELCO-10296,Credit Card,69,91.01,6388.75,6438.15,17.8,0
TELCO-10297,Credit Card,25,98.86,2401.56,3565.0,50.8,0
TELCO-10298,Mailed Check,39,113.79,4642.87,3502.92,3.3,0
TELCO-10299,Electronic Check,32,88.17,2747.89,3747.27,60.4,1
TELCO-10300,Mailed Check,49,65.69,3173.63,7197.65,55.8,0
TELCO-10301,Electronic Check,13,98.68,1259.78,3239.07,62.0,0
TELCO-10302,Mailed Check,53,24.48,1234.67,5814.9,73.7,0
TELCO-10303,Electronic Check,38,34.94,1371.98,5196.86,29.4,0
TELCO-10304,Mailed Check,33,94.81,3203.69,4898.73,42.6,0
TELCO-10305,Mailed Check,22,33.72,770.72,6506.46,47.4,1
TELCO-10306,Credit Card,68,23.31,1611.74,7139.52,72.3,0
TELCO-10307,Electronic Check,18,102.57,1755.63,4725.8,21.2,0
TELCO-10308,Mailed Check,8,80.55,643.32,3895.34,57.3,1
TELCO-10309,Credit Card,69,74.06,4995.03,8123.66,3.0,0
TELCO-10310,Credit Card,65,99.69,6745.38,4106.57,57.9,0
TELCO-10311,Credit Card,68,34.59,2426.26,4902.96,17.9,0
TELCO-10312,Electronic Check,11,56.56,652.66,2791.36,35.7,1
TELCO-10313,Credit Card,5,29.16,139.33,2167.53,33.5,0
TELCO-10314,Bank Withdrawal,11,68.99,763.89,6135.82,38.0,0
TELCO-10315,Credit Card,68,110.08,7629.38,6250.53,21.1,0
TELCO-10316,Mailed Check,6,110.57,666.27,4611.49,58.8,1
TELCO-10317,Bank Withdrawal,41,21.53,911.04,6219.06,19.2,1
TELCO-10318,Credit Card,39,35.92,1385.35,7009.37,22.0,0
TELCO-10319,Mailed Check,50,94.05,4807.91,5503.57,13.6,0
TELCO-10320,Mailed Check,7,29.57,209.17,4437.39,21.3,1
TELCO-10321,Electronic Check,42,22.9,960.9,4651.15,24.7,0
TELCO-10322,Electronic Check,56,38.2,2197.42,4729.21,50.6,0
TELCO-10323,Bank Withdrawal,10,28.04,284.15,5578.45,14.8,0
TELCO-10324,Mailed Check,47,30.44,1410.64,3888.95,2.4,1
TELCO-10325,Bank Withdrawal,12,38.36,456.09,2418.18,39.3,0
TELCO-10326,Mailed Check,71,29.12,2043.79,5088.31,51.6,0
TELCO-10327,Electronic Check,11,91.03,975.57,4619.97,48.4,0
TELCO-10328,Electronic Check,22,33.61,707.13,4506.04,27.0,0
TELCO-10329,Electronic Check,39,67.45,2563.89,5287.65,8.4,1
TELCO-10330,Bank Withdrawal,59,30.48,1768.15,6265.86,27.3,0
TELCO-10331,Mailed Check,57,52.8,3152.32,4037.56,69.7,0
TELCO-10332,Mailed Check,26,66.94,1708.96,5956.93,16.7,0
TELCO-10333,Electronic Check,32,51.94,1639.64,6994.3,25.3,0
TELCO-10334,Bank Withdrawal,70,37.63,2693.95,7493.39,65.7,1
TELCO-10335,Bank Withdrawal,57,98.17,5790.3,6502.71,71.0,1
TELCO-10336,Electronic Check,18,82.07,1509.06,6000.85,22.1,0
TELCO-10337,Credit Card,58,117.09,6795.71,7591.76,41.8,0
TELCO-10338,Electronic Check,70,23.6,1703.59,6422.19,82.4,0
TELCO-10339,Credit Card,14,95.36,1354.67,2549.34,56.6,0
TELCO-10340,Electronic Check,43,114.64,4810.59,4873.04,37.7,1
TELCO-10341,Bank Withdrawal,58,56.66,3348.86,4128.35,40.4,0
TELCO-10342,Credit Card,62,30.25,1803.49,7783.04,36.5,0
TELCO-10343,Bank Withdrawal,45,50.57,2271.76,5267.73,39.8,0
TELCO-10344,Electronic Check,58,51.25,2858.08,7271.31,26.9,0
TELCO-10345,Credit Card,22,111.13,2457.55,4039.45,63.5,0
TELCO-10346,Electronic Check,60,42.72,2599.21,4944.61,35.6,1
TELCO-10347,Credit Card,26,64.06,1618.06,3402.55,37.7,1
TELCO-10348,Credit Card,14,98.35,1335.19,2862.8,46.6,0
TELCO-10349,Electronic Check,68,114.66,7713.1,4214.04,28.0,0
TELCO-10350,Mailed Check,59,80.5,4653.3,6240.18,69.5,0
TELCO-10351,Credit Card,18,50.69,900.86,2586.11,21.8,1
TELCO-10352,Electronic Check,54,78.45,4230.65,5768.21,49.7,0
TELCO-10353,Bank Withdrawal,72,36.35,2706.7,6587.34,26.0,0
TELCO-10354,Mailed Check,2,67.49,135.81,4488.81,18.2,1
TELCO-10355,Electronic Check,63,60.73,3666.32,3713.87,71.7,0
TELCO-10356,Bank Withdrawal,38,23.2,906.35,5495.43,20.7,0
TELCO-10357,Electronic Check,71,70.06,4995.7,8234.02,49.5,0
TELCO-10358,Credit Card,57,73.54,4330.14,6806.05,84.2,0
TELCO-10359,Mailed Check,5,64.07,318.4,6597.81,30.9,0
TELCO-10360,Bank Withdrawal,27,99.45,2741.74,5522.47,50.8,0
TELCO-10361,Bank Withdrawal,18,96.92,1756.78,4845.26,69.5,0
TELCO-10362,Bank Withdrawal,42,115.94,5089.77,5364.87,26.3,0
TELCO-10363,Credit Card,18,114.35,2159.67,6351.71,67.2,0
TELCO-10364,Bank Withdrawal,17,44.47,775.76,5468.06,61.0,0
TELCO-10365,Electronic Check,19,76.59,1448.22,5326.32,24.3,0
TELCO-10366,Credit Card,52,70.53,3619.54,7576.14,25.1,0
TELCO-10367,Mailed Check,1,105.15,110.11,4381.78,72.3,1
TELCO-10368,Mailed Check,9,97.98,910.47,4451.22,35.0,0
TELCO-10369,Mailed Check,37,53.1,1961.82,4471.83,50.0,0
TELCO-10370,Credit Card,6,29.76,171.85,6009.43,67.1,0
TELCO-10371,Electronic Check,59,20.07,1206.46,3568.61,81.5,1
TELCO-10372,Mailed Check,21,105.69,2188.51,2395.89,74.8,1
TELCO-10373,Bank Withdrawal,7,58.84,400.93,5124.68,27.4,0
TELCO-10374,Credit Card,1,40.92,41.0,4027.8,8.5,0
TELCO-10375,Credit Card,44,100.08,4241.55,3418.73,84.0,0
TELCO-10376,Electronic Check,12,91.61,1141.2,2417.08,10.5,1
TELCO-10377,Bank Withdrawal,19,26.7,490.26,4055.34,48.8,0
TELCO-10378,Bank Withdrawal,20,110.15,2140.71,6534.67,53.1,0
TELCO-10379,Bank Withdrawal,16,77.78,1221.4,3029.24,33.9,0
TELCO-10380,Mailed Check,11,44.32,477.03,6510.76,51.9,0
TELCO-10381,Credit Card,39,40.13,1548.13,5882.76,52.4,0
TELCO-10382,Bank Withdrawal,64,57.82,3541.73,7599.26,22.0,0
TELCO-10383,Credit Card,47,111.52,5277.28,4819.36,13.0,0
TELCO-10384,Bank Withdrawal,61,113.54,6626.42,4204.83,65.9,1
TELCO-10385,Credit Card,8,112.97,922.98,5152.0,35.0,1
TELCO-10386,Electronic Check,52,28.08,1427.67,4694.58,46.5,0
TELCO-10387,Bank Withdrawal,20,72.57,1499.95,5564.75,34.4,0
TELCO-10388,Credit Card,40,88.47,3382.35,3387.96,62.6,0
TELCO-10389,Electronic Check,15,64.43,989.81,5207.96,52.5,1
TELCO-10390,Credit Card,2,89.37,186.84,3903.52,60.2,1
TELCO-10391,Mailed Check,22,56.44,1270.6,3081.26,64.2,0
TELCO-10392,Credit Card,43,99.1,4351.78,5169.93,24.6,1
TELCO-10393,Credit Card,64,64.61,4162.7,5254.6,31.9,0
TELCO-10394,Mailed Check,14,107.64,1543.24,1861.56,58.0,1
TELCO-10395,Credit Card,32,24.51,759.14,7121.54,32.2,0
TELCO-10396,Credit Card,71,98.71,6815.34,4892.18,61.3,0
TELCO-10397,Mailed Check,35,100.95,3594.49,2612.02,49.4,1
TELCO-10398,Bank Withdrawal,67,116.18,7756.89,4445.38,81.2,1
TELCO-10399,Mailed Check,42,28.47,1170.82,6580.28,39.9,0
TELCO-10400,Bank Withdrawal,60,56.09,3458.25,6796.09,82.7,0
TELCO-10401,Bank Withdrawal,20,20.63,406.26,6278.08,36.0,0
TELCO-10402,Credit Card,43,20.14,885.7,3542.77,56.6,0
TELCO-10403,Bank Withdrawal,54,68.22,3761.85,3768.62,7.0,0
TELCO-10404,Bank Withdrawal,67,60.48,4152.61,6288.47,76.3,0
TELCO-10405,Bank Withdrawal,51,27.33,1458.53,4340.47,49.1,0
TELCO-10406,Mailed Check,41,110.75,4461.86,5062.41,34.6,0
TELCO-10407,Bank Withdrawal,10,112.47,1080.72,2725.46,13.3,0
TELCO-10408,Electronic Check,60,50.78,3129.17,5533.63,12.0,0
TELCO-10409,Electronic Check,34,103.54,3451.44,6021.17,9.5,0
TELCO-10410,Credit Card,28,101.92,2781.91,3800.84,29.2,1
TELCO-10411,Credit Card,39,45.5,1757.53,4509.91,84.2,1
TELCO-10412,Bank Withdrawal,13,65.28,807.22,5561.68,68.7,1
TELCO-10413,Bank Withdrawal,17,39.42,699.46,2803.18,35.2,0
TELCO-10414,Mailed Check,10,22.14,220.15,2829.56,7.4,0
TELCO-10415,Mailed Check,16,24.18,389.74,5597.58,40.3,1
TELCO-10416,Electronic Check,64,22.89,1423.17,3942.18,58.7,1
TELCO-10417,Mailed Check,58,106.58,6024.49,4777.97,4.9,0
TELCO-10418,Electronic Check,71,66.95,4715.06,6666.94,9.3,0
TELCO-10419,Bank Withdrawal,70,97.89,6755.76,6200.33,84.1,0
TELCO-10420,Electronic Check,45,109.44,4767.12,4059.95,43.7,1
TELCO-10421,Bank Withdrawal,4,107.78,452.31,3982.45,66.6,1
TELCO-10422,Bank Withdrawal,21,29.81,645.81,6652.67,56.5,0
TELCO-10423,Credit Card,29,76.42,2312.63,7186.94,83.6,0
TELCO-10424,Bank Withdrawal,23,43.18,979.12,5237.03,28.4,0
TELCO-10425,Mailed Check,19,75.18,1482.93,4690.02,17.6,0
TELCO-10426,Mailed Check,23,68.06,1521.36,4444.02,9.5,1
TELCO-10427,Credit Card,43,109.95,4830.41,6709.51,18.7,1
TELCO-10428,Mailed Check,8,22.15,182.06,6009.16,50.7,0
TELCO-10429,Mailed Check,10,56.61,543.51,3107.94,80.2,1
TELCO-10430,Bank Withdrawal,21,91.77,1924.7,3952.78,38.3,0
TELCO-10431,Mailed Check,29,85.22,2529.21,3550.33,69.6,1
TELCO-10432,Bank Withdrawal,1,112.98,118.56,5868.33,80.7,1
TELCO-10433,Credit Card,24,79.03,1843.78,5144.98,78.4,0
TELCO-10434,Electronic Check,19,52.45,978.56,4837.84,8.5,1
TELCO-10435,Credit Card,43,63.77,2623.59,4229.96,24.0,0
TELCO-10436,Credit Card,1,24.72,23.9,3388.09,38.4,1
TELCO-10437,Electronic Check,45,73.51,3428.38,6054.36,10.4,0
TELCO-10438,Bank Withdrawal,21,64.23,1284.1,3200.07,68.3,1
TELCO-10439,Credit Card,10,53.5,512.26,5988.25,75.7,1
TELCO-10440,Credit Card,44,78.21,3279.84,7340.99,52.9,0
TELCO-10441,Bank Withdrawal,56,35.4,1920.94,6537.39,10.4,0
TELCO-10442,Mailed Check,37,49.15,1827.58,5134.27,10.0,0
TELCO-10443,Credit Card,47,20.37,969.37,5336.48,9.3,0
TELCO-10444,Credit Card,4,40.28,160.69,2619.79,55.0,0
TELCO-10445,Electronic Check,61,67.93,4162.01,3856.97,56.9,1
TELCO-10446,Electronic Check,48,38.29,1794.43,6966.85,5.7,0
TELCO-10447,Credit Card,20,93.72,1845.12,4436.52,57.4,1
TELCO-10448,Bank Withdrawal,71,25.98,1930.47,6866.81,34.1,0
TELCO-10449,Electronic Check,31,66.67,2111.06,5034.46,8.6,0
TELCO-10450,Bank Withdrawal,16,113.03,1748.29,3353.51,39.3,0
TELCO-10451,Bank Withdrawal,17,24.18,398.81,6126.54,8.5,0
TELCO-10452,Bank Withdrawal,34,51.34,1673.47,5353.64,62.3,0
TELCO-10453,Mailed Check,36,70.93,2604.65,5044.09,78.1,1
TELCO-10454,Electronic Check,15,60.62,932.79,6603.42,14.3,0
TELCO-10455,Credit Card,13,97.0,1308.65,3513.61,74.0,0
TELCO-10456,Electronic Check,61,23.67,1459.56,6146.48,24.9,1
TELCO-10457,Credit Card,51,107.18,5600.51,7418.76,29.5,0
TELCO-10458,Mailed Check,3,53.11,164.79,5437.06,67.9,1
TELCO-10459,Credit Card,30,33.17,1027.52,3962.39,82.9,0
TELCO-10460,Electronic Check,12,38.42,472.15,5717.72,19.5,0
TELCO-10461,Mailed Check,8,70.5,564.38,2310.42,15.2,1
TELCO-10462,Credit Card,23,38.89,872.06,4629.02,71.1,0
TELCO-10463,Mailed Check,26,46.85,1234.59,3207.43,70.4,0
TELCO-10464,Credit Card,31,56.5,1816.39,5415.96,51.3,0
TELCO-10465,Mailed Check,45,36.02,1651.51,4407.81,76.2,0
TELCO-10466,Electronic Check,7,35.96,260.71,5088.21,49.5,0
TELCO-10467,Bank Withdrawal,35,83.86,3072.21,5944.9,44.6,0
TELCO-10468,Electronic Check,17,83.44,1383.36,5547.89,51.9,1
TELCO-10469,Mailed Check,36,61.53,2160.15,4500.14,33.2,1
TELCO-10470,Electronic Check,14,20.72,299.92,4876.56,85.0,0
TELCO-10471,Mailed Check,39,87.07,3319.83,3938.12,42.0,1
TELCO-10472,Mailed Check,34,84.3,2776.88,5177.82,81.0,0
TELCO-10473,Bank Withdrawal,8,98.93,804.15,5263.4,68.6,0
TELCO-10474,Credit Card,64,117.75,7451.8,3758.94,23.5,0
TELCO-10475,Bank Withdrawal,44,91.2,4127.12,7179.37,20.5,0
TELCO-10476,Mailed Check,65,49.42,3231.01,4947.03,16.1,0
TELCO-10477,Electronic Check,17,92.61,1639.33,6686.16,62.2,0
TELCO-10478,Mailed Check,12,41.78,497.37,6290.8,20.5,0
TELCO-10479,Mailed Check,34,77.39,2513.82,5204.79,40.5,1
TELCO-10480,Credit Card,61,107.16,6459.41,4867.6,43.5,0
TELCO-10481,Credit Card,20,33.46,673.84,6579.79,18.6,0
TELCO-10482,Electronic Check,19,51.01,967.99,5314.65,61.4,0
TELCO-10483,Bank Withdrawal,41,82.18,3457.39,3783.73,2.4,0
TELCO-10484,Bank Withdrawal,63,96.95,6067.36,5007.34,66.7,1
TELCO-10485,Electronic Check,62,57.57,3524.05,3113.35,5.1,1
TELCO-10486,Mailed Check,68,38.68,2564.17,6820.86,58.2,0
TELCO-10487,Mailed Check,40,32.64,1262.13,6707.3,33.8,0
TELCO-10488,Mailed Check,38,64.68,2441.54,6040.51,45.2,0
TELCO-10489,Bank Withdrawal,44,117.62,5001.85,7181.02,42.7,0
TELCO-10490,Electronic Check,3,42.38,130.12,4228.62,62.4,1
TELCO-10491,Bank Withdrawal,16,55.93,928.58,3051.05,56.0,1
TELCO-10492,Credit Card,7,84.87,605.36,3550.49,56.2,1
TELCO-10493,Electronic Check,16,73.63,1201.08,4736.4,41.4,1
TELCO-10494,Mailed Check,54,84.84,4629.75,3967.24,57.0,0
TELCO-10495,Credit Card,66,90.44,5734.02,4043.91,11.8,1
TELCO-10496,Bank Withdrawal,34,101.49,3419.52,3571.68,82.8,0
TELCO-10497,Electronic Check,27,87.44,2245.85,2575.51,41.9,1
TELCO-10498,Credit Card,64,34.62,2265.21,4055.81,9.5,0
TELCO-10499,Mailed Check,30,64.76,1855.39,5909.3,83.1,1
TELCO-10500,Credit Card,38,55.3,2020.69,6780.61,58.2,0
TELCO-10501,Credit Card,2,103.5,204.05,3519.72,57.1,1
TELCO-10502,Mailed Check,12,56.52,671.47,3854.42,30.4,1
TELCO-10503,Electronic Check,62,98.39,5864.14,6682.76,55.9,0
TELCO-10504,Credit Card,21,30.16,637.73,4496.73,77.6,0
TELCO-10505,Electronic Check,46,79.91,3759.4,7162.93,73.6,0
TELCO-10506,Electronic Check,63,31.07,1910.75,4489.07,36.1,1
TELCO-10507,Bank Withdrawal,44,70.87,3097.34,6369.93,59.1,0
TELCO-10508,Electronic Check,45,85.04,3951.72,6639.28,55.2,1
TELCO-10509,Credit Card,2,83.05,171.94,5962.37,15.0,0
TELCO-10510,Credit Card,63,51.42,3241.7,6052.23,29.5,0
TELCO-10511,Electronic Check,52,100.08,5242.17,3696.09,8.5,0
TELCO-10512,Electronic Check,58,50.97,2813.7,5265.48,83.4,0
TELCO-10513,Credit Card,72,73.81,5560.46,6668.92,70.6,0
TELCO-10514,Bank Withdrawal,59,113.13,6489.73,5020.07,32.2,1
TELCO-10515,Electronic Check,47,90.16,4119.61,4711.11,11.5,0
TELCO-10516,Mailed Check,71,71.15,4881.99,3907.02,60.3,1
TELCO-10517,Electronic Check,14,44.92,651.03,2820.15,18.3,1
TELCO-10518,Bank Withdrawal,44,30.56,1390.02,5749.65,36.4,0
TELCO-10519,Electronic Check,59,84.53,4986.69,5361.64,81.4,1
TELCO-10520,Credit Card,71,111.66,7934.47,7920.23,71.6,0
TELCO-10521,Bank Withdrawal,23,91.59,2127.75,6547.13,12.7,0
TELCO-10522,Electronic Check,54,115.99,6121.65,7686.17,78.0,0
TELCO-10523,Mailed Check,58,98.87,5956.06,5755.33,13.5,0
TELCO-10524,Mailed Check,71,81.99,5699.38,5328.82,18.7,0
TELCO-10525,Bank Withdrawal,23,69.38,1534.37,4160.07,59.6,0
TELCO-10526,Electronic Check,54,86.08,4823.78,5250.74,76.2,0
TELCO-10527,Credit Card,67,30.43,1948.41,4876.4,33.6,0
TELCO-10528,Bank Withdrawal,37,86.97,3309.39,3343.0,14.2,1
TELCO-10529,Credit Card,46,99.77,4699.33,7041.79,10.5,0
TELCO-10530,Electronic Check,31,70.07,2214.08,2986.41,68.1,0
TELCO-10531,Electronic Check,50,60.82,3182.66,3492.11,67.4,0
TELCO-10532,Mailed Check,26,80.82,2170.66,6751.69,66.8,0
TELCO-10533,Mailed Check,70,92.37,6267.72,5769.67,18.3,0
TELCO-10534,Credit Card,24,114.32,2617.64,3356.01,63.0,1
TELCO-10535,Mailed Check,17,35.77,606.04,6143.73,72.2,1
TELCO-10536,Credit Card,20,111.01,2248.03,6294.13,51.5,0
TELCO-10537,Mailed Check,63,97.41,6264.28,5439.28,47.7,1
TELCO-10538,Bank Withdrawal,67,26.68,1794.18,4088.75,43.9,0
TELCO-10539,Bank Withdrawal,28,85.01,2487.47,5482.26,29.5,0
TELCO-10540,Electronic Check,72,100.72,7374.35,5305.5,83.4,1
TELCO-10541,Bank Withdrawal,6,86.89,544.54,3886.44,28.6,0
TELCO-10542,Mailed Check,4,109.31,450.48,3605.01,70.2,1
TELCO-10543,Credit Card,38,108.03,4289.14,3703.28,18.0,0
TELCO-10544,Credit Card,9,40.66,372.72,5485.49,54.2,1
TELCO-10545,Bank Withdrawal,69,101.22,6938.95,7400.39,74.9,0
TELCO-10546,Credit Card,20,22.33,427.54,2800.96,61.5,1
TELCO-10547,Mailed Check,72,26.9,1918.91,5830.07,70.2,0
TELCO-10548,Electronic Check,56,51.01,2715.42,6141.29,34.3,1
TELCO-10549,Credit Card,6,88.69,511.18,5691.01,8.0,0
TELCO-10550,Mailed Check,12,47.59,589.48,2438.69,78.9,0
TELCO-10551,Bank Withdrawal,69,41.55,2967.14,5052.4,64.0,0
TELCO-10552,Bank Withdrawal,39,86.37,3445.68,4654.09,77.9,0
TELCO-10553,Credit Card,71,105.73,7561.42,5048.37,13.7,1
TELCO-10554,Credit Card,40,40.59,1576.8,7075.33,63.5,0
TELCO-10555,Bank Withdrawal,21,38.03,767.85,5544.4,53.2,0
TELCO-10556,Credit Card,71,65.2,4428.92,4216.91,47.6,0
TELCO-10557,Electronic Check,43,55.0,2314.18,2889.14,57.7,1
TELCO-10558,Bank Withdrawal,41,67.61,2825.64,3710.78,29.3,0
TELCO-10559,Mailed Check,41,113.95,4805.41,5729.9,16.0,1
TELCO-10560,Electronic Check,36,102.33,3823.09,4982.82,13.1,0
TELCO-10561,Mailed Check,40,67.72,2595.57,4262.77,11.0,0
TELCO-10562,Bank Withdrawal,69,39.25,2769.84,7739.47,62.9,0
TELCO-10563,Credit Card,52,95.38,4841.03,6822.94,19.7,1
TELCO-10564,Electronic Check,20,55.85,1143.05,3809.5,20.5,0
TELCO-10565,Electronic Check,65,70.02,4625.34,7440.92,34.9,0
TELCO-10566,Bank Withdrawal,66,33.76,2242.82,7574.88,15.2,0
TELCO-10567,Bank Withdrawal,62,112.04,6760.14,4739.61,5.4,0
TELCO-10568,Bank Withdrawal,6,85.52,507.38,6280.56,45.0,0
TELCO-10569,Credit Card,6,116.1,698.09,5883.41,28.9,0
TELCO-10570,Mailed Check,70,75.88,5358.17,7792.02,33.3,0
TELCO-10571,Credit Card,67,44.66,2964.05,7352.57,82.7,0
TELCO-10572,Mailed Check,63,97.68,6388.94,5054.54,75.6,1
TELCO-10573,Bank Withdrawal,10,70.43,680.17,4459.09,25.3,1
TELCO-10574,Credit Card,30,60.63,1850.77,4405.6,29.4,1
TELCO-10575,Bank Withdrawal,53,22.2,1136.73,6157.93,5.6,0
TELCO-10576,Credit Card,19,25.48,506.3,5172.11,23.4,0
TELCO-10577,Credit Card,37,112.83,4162.78,5092.51,20.0,0
TELCO-10578,Bank Withdrawal,53,78.88,4047.65,6293.42,68.0,0
TELCO-10579,Mailed Check,22,90.97,2019.47,3584.16,30.4,0
TELCO-10580,Electronic Check,17,30.64,521.11,4314.08,18.8,0
TELCO-10581,Bank Withdrawal,13,37.39,504.43,4716.43,76.8,0
TELCO-10582,Credit Card,12,67.26,833.55,6336.36,12.8,0
TELCO-10583,Electronic Check,67,61.23,4073.26,7897.9,74.6,0
TELCO-10584,Electronic Check,49,54.35,2752.95,5817.54,68.8,0
TELCO-10585,Electronic Check,18,44.94,775.25,5142.32,65.6,0
TELCO-10586,Electronic Check,33,38.52,1281.07,3355.23,60.9,0
TELCO-10587,Credit Card,49,84.15,4066.56,3921.5,59.1,0
TELCO-10588,Mailed Check,34,103.79,3449.66,5412.73,37.2,1
TELCO-10589,Bank Withdrawal,53,74.11,3951.04,5501.92,48.3,0
TELCO-10590,Mailed Check,45,95.87,4471.11,3160.89,35.0,1
TELCO-10591,Bank Withdrawal,58,96.74,5615.6,6487.37,80.8,1
TELCO-10592,Credit Card,21,58.13,1260.19,4647.51,54.8,0
TELCO-10593,Electronic Check,12,26.28,300.78,3529.47,20.4,1
TELCO-10594,Electronic Check,67,48.07,3308.81,3963.72,82.0,1
TELCO-10595,Electronic Check,57,21.05,1202.03,4301.36,72.6,0
TELCO-10596,Bank Withdrawal,22,86.05,1983.14,2940.79,31.9,0
TELCO-10597,Mailed Check,52,54.61,2844.76,6616.16,34.8,0
TELCO-10598,Credit Card,12,73.86,893.67,3863.64,62.3,0
TELCO-10599,Mailed Check,29,79.42,2320.43,3899.98,18.1,0
TELCO-10600,Electronic Check,65,30.43,2066.37,7238.24,8.0,0
TELCO-10601,Mailed Check,69,99.69,7199.19,6259.26,49.7,0
TELCO-10602,Bank Withdrawal,44,114.2,5068.43,3223.08,40.1,0
TELCO-10603,Credit Card,34,26.62,921.09,3884.69,54.6,0
TELCO-10604,Mailed Check,53,113.63,6222.44,3942.16,44.9,1
TELCO-10605,Credit Card,52,86.02,4666.01,4944.5,70.1,1
TELCO-10606,Mailed Check,28,107.64,3069.11,6794.67,24.3,0
TELCO-10607,Electronic Check,26,43.02,1088.23,5907.23,22.1,1
TELCO-10608,Mailed Check,20,96.34,2014.62,4216.99,11.9,1
TELCO-10609,Credit Card,70,113.88,7824.46,7791.55,72.4,0
TELCO-10610,Mailed Check,63,37.92,2364.56,6950.76,65.4,0
TELCO-10611,Bank Withdrawal,7,71.52,477.24,3737.8,37.1,0
TELCO-10612,Bank Withdrawal,59,115.7,6955.46,3528.19,60.0,0
TELCO-10613,Bank Withdrawal,49,76.94,3679.47,5693.54,29.0,0
TELCO-10614,Bank Withdrawal,35,66.19,2316.37,3822.4,52.9,0
TELCO-10615,Mailed Check,47,103.72,4695.03,5266.52,25.2,1
TELCO-10616,Bank Withdrawal,13,90.64,1220.3,3207.28,68.7,0
TELCO-10617,Bank Withdrawal,61,98.96,6335.71,7347.25,16.7,0
TELCO-10618,Mailed Check,63,49.4,3080.58,6682.44,48.7,0
TELCO-10619,Credit Card,28,99.75,2778.99,4205.95,41.6,0
TELCO-10620,Mailed Check,47,74.91,3351.72,3220.57,79.3,1
TELCO-10621,Bank Withdrawal,69,37.1,2604.24,5918.72,66.8,0
TELCO-10622,Electronic Check,11,57.34,608.34,2529.09,25.8,1
TELCO-10623,Mailed Check,54,81.86,4230.96,4079.0,49.4,0
TELCO-10624,Bank Withdrawal,41,51.05,2123.32,4245.62,26.2,0
TELCO-10625,Electronic Check,47,93.29,4238.76,7018.95,45.2,0
TELCO-10626,Bank Withdrawal,31,84.88,2520.78,3526.1,80.1,0
TELCO-10627,Credit Card,13,26.25,325.09,4111.56,74.9,0
TELCO-10628,Credit Card,14,45.72,664.75,3742.17,14.9,0
TELCO-10629,Bank Withdrawal,37,63.43,2269.6,3083.2,12.5,0
TELCO-10630,Mailed Check,42,104.7,4588.62,5518.45,40.8,0
TELCO-10631,Bank Withdrawal,70,37.35,2650.02,6287.93,51.6,0
TELCO-10632,Mailed Check,45,67.2,2965.9,4479.92,20.9,1
TELCO-10633,Bank Withdrawal,39,21.03,790.34,4265.43,45.4,0
TELCO-10634,Credit Card,63,112.8,7056.96,4393.15,41.6,1
TELCO-10635,Bank Withdrawal,1,73.72,73.26,3149.53,17.7,0
TELCO-10636,Electronic Check,49,41.62,2042.77,6824.82,8.6,0
TELCO-10637,Mailed Check,37,83.55,2994.9,2733.09,46.2,1
TELCO-10638,Bank Withdrawal,38,30.81,1194.25,5163.98,39.8,0
TELCO-10639,Mailed Check,3,34.91,109.68,2844.52,82.5,1
TELCO-10640,Bank Withdrawal,57,91.26,5198.48,4963.61,21.3,0
TELCO-10641,Mailed Check,64,117.8,7411.22,7395.96,40.5,0
TELCO-10642,Bank Withdrawal,8,46.12,357.21,6230.65,34.6,0
TELCO-10643,Mailed Check,49,101.17,4832.88,6695.51,12.1,0
TELCO-10644,Electronic Check,32,92.29,3033.31,5145.13,4.8,0
TELCO-10645,Bank Withdrawal,61,58.13,3424.88,6802.07,81.8,0
TELCO-10646,Credit Card,33,67.16,2117.01,5825.13,26.8,0
TELCO-10647,Credit Card,31,82.03,2485.99,3313.42,28.9,0
TELCO-10648,Bank Withdrawal,2,114.95,234.23,2747.46,50.2,0
TELCO-10649,Credit Card,32,35.45,1183.28,7286.38,9.6,0
TELCO-10650,Credit Card,8,54.84,421.5,4395.29,14.8,0
TELCO-10651,Mailed Check,72,97.28,6961.24,4668.34,64.8,0
TELCO-10652,Electronic Check,46,90.99,4272.02,5165.61,22.8,1
TELCO-10653,Electronic Check,25,75.54,1882.53,6029.48,47.1,1
TELCO-10654,Bank Withdrawal,9,72.05,651.15,4268.36,39.3,0
TELCO-10655,Electronic Check,24,106.53,2587.45,3543.12,53.4,1
TELCO-10656,Credit Card,69,100.27,7102.48,4418.59,17.8,0
TELCO-10657,Mailed Check,42,60.16,2566.87,2747.0,28.7,1
TELCO-10658,Bank Withdrawal,23,105.6,2331.35,5144.55,18.8,0
TELCO-10659,Electronic Check,63,71.53,4446.16,6301.79,60.2,0
TELCO-10660,Credit Card,2,111.16,230.99,1909.81,19.3,1
TELCO-10661,Credit Card,47,74.69,3464.47,6362.95,79.9,0
TELCO-10662,Mailed Check,68,23.98,1703.14,8022.64,7.8,0
TELCO-10663,Credit Card,13,91.07,1187.01,2944.43,46.1,1
TELCO-10664,Bank Withdrawal,72,93.42,6819.48,4910.84,36.5,1
TELCO-10665,Electronic Check,55,106.52,5800.93,4393.81,15.8,1
TELCO-10666,Bank Withdrawal,69,117.85,7981.34,8186.58,38.8,0
TELCO-10667,Mailed Check,48,60.41,2848.49,4283.25,54.6,0
TELCO-10668,Bank Withdrawal,49,95.04,4871.95,5238.75,78.9,0
TELCO-10669,Electronic Check,1,91.18,91.34,5995.35,83.6,1
TELCO-10670,Mailed Check,1,49.43,47.07,5723.73,20.4,0
TELCO-10671,Mailed Check,71,70.1,4775.17,5846.66,49.4,0
TELCO-10672,Bank Withdrawal,18,45.97,807.29,3801.36,75.8,0
TELCO-10673,Electronic Check,28,91.96,2490.66,6415.67,62.1,0
TELCO-10674,Credit Card,39,23.66,948.59,7123.42,69.1,0
TELCO-10675,Mailed Check,45,106.22,4598.52,6591.76,38.0,0
TELCO-10676,Credit Card,49,25.3,1247.75,4695.74,45.5,0
TELCO-10677,Bank Withdrawal,20,24.95,496.29,5178.09,62.7,0
TELCO-10678,Credit Card,29,62.33,1777.96,4366.35,67.3,1
TELCO-10679,Credit Card,71,59.12,4312.46,4361.69,9.1,0
TELCO-10680,Bank Withdrawal,62,74.81,4497.26,6321.99,42.5,0
TELCO-10681,Bank Withdrawal,32,27.02,901.31,3203.18,66.5,0
TELCO-10682,Electronic Check,55,55.8,3116.7,6838.57,17.8,0
TELCO-10683,Bank Withdrawal,45,80.39,3489.42,3326.95,84.2,0
TELCO-10684,Bank Withdrawal,26,87.17,2172.55,5978.12,14.9,0
TELCO-10685,Bank Withdrawal,19,105.14,2036.37,2475.75,70.1,1
TELCO-10686,Electronic Check,61,22.23,1315.86,5879.7,19.3,0
TELCO-10687,Mailed Check,71,67.34,4876.17,3357.75,62.6,1
TELCO-10688,Credit Card,33,36.69,1225.05,3063.88,25.6,0
TELCO-10689,Credit Card,9,58.09,531.18,6114.27,24.5,0
TELCO-10690,Credit Card,38,105.01,3942.78,6844.75,55.9,1
TELCO-10691,Credit Card,41,67.5,2684.16,6875.56,51.6,1
TELCO-10692,Credit Card,6,44.24,262.61,2356.52,45.9,1
TELCO-10693,Mailed Check,46,54.83,2642.89,4391.45,27.1,0
TELCO-10694,Credit Card,33,106.11,3336.87,5322.23,75.9,0
TELCO-10695,Mailed Check,29,34.87,969.55,4444.93,76.5,0
TELCO-10696,Bank Withdrawal,54,43.56,2448.62,4831.78,14.7,0
TELCO-10697,Bank Withdrawal,27,83.94,2198.91,3296.49,50.2,0
TELCO-10698,Bank Withdrawal,56,117.58,6869.61,7527.0,83.0,0
TELCO-10699,Mailed Check,9,74.62,659.33,5683.37,80.7,1
TELCO-10700,Credit Card,41,106.25,4331.42,7226.96,36.4,0
TELCO-10701,Mailed Check,20,96.35,1977.57,4753.92,10.9,1
TELCO-10702,Mailed Check,30,78.44,2254.24,5759.22,21.2,1
TELCO-10703,Bank Withdrawal,65,102.92,6478.39,5368.57,40.9,0
TELCO-10704,Electronic Check,18,36.05,679.32,6614.46,20.8,0
TELCO-10705,Electronic Check,29,92.75,2573.05,6896.96,84.0,0
TELCO-10706,Electronic Check,63,87.41,5466.94,7067.97,73.9,0
TELCO-10707,Electronic Check,41,58.63,2412.52,5911.27,79.9,0
TELCO-10708,Credit Card,67,30.71,2135.3,4780.75,39.9,0
TELCO-10709,Electronic Check,6,74.65,427.71,2960.31,44.8,1
TELCO-10710,Electronic Check,39,95.82,3660.16,6610.65,25.7,1
TELCO-10711,Bank Withdrawal,60,101.33,5844.62,7004.29,39.5,0
TELCO-10712,Bank Withdrawal,51,60.53,3114.91,6481.85,39.4,0
TELCO-10713,Bank Withdrawal,59,28.84,1737.54,4212.97,28.9,0
TELCO-10714,Credit Card,12,31.19,375.17,4028.39,39.3,0
TELCO-10715,Bank Withdrawal,49,73.93,3562.87,7145.87,5.6,0
TELCO-10716,Bank Withdrawal,21,105.14,2190.18,3917.83,16.8,0
TELCO-10717,Electronic Check,37,81.39,2921.95,5226.52,11.8,1
TELCO-10718,Mailed Check,2,64.95,123.48,5522.16,73.0,1
TELCO-10719,Bank Withdrawal,28,77.71,2084.36,5400.46,41.5,0
TELCO-10720,Bank Withdrawal,71,47.26,3257.36,4606.78,54.2,0
TELCO-10721,Credit Card,45,23.6,1097.9,4467.99,72.9,0
TELCO-10722,Credit Card,7,30.67,210.06,4649.16,84.5,1
TELCO-10723,Bank Withdrawal,59,93.43,5660.38,4427.7,31.9,1
TELCO-10724,Electronic Check,9,94.33,846.49,2274.1,72.0,1
TELCO-10725,Mailed Check,43,71.65,3115.47,3566.86,45.5,0
TELCO-10726,Credit Card,62,90.96,5756.15,5471.74,52.2,0
TELCO-10727,Mailed Check,34,71.49,2340.66,5381.85,84.6,0
TELCO-10728,Electronic Check,64,99.18,6214.53,3971.0,75.3,1
TELCO-10729,Credit Card,4,65.56,254.57,4868.89,68.1,0
TELCO-10730,Electronic Check,53,24.46,1259.09,6207.78,31.0,0
TELCO-10731,Mailed Check,33,97.44,3158.9,2852.59,27.5,0
TELCO-10732,Mailed Check,44,58.81,2673.56,3973.07,49.2,0
TELCO-10733,Mailed Check,62,109.78,6793.77,6372.4,68.2,0
TELCO-10734,Mailed Check,60,96.83,6004.49,4847.05,36.4,0
TELCO-10735,Mailed Check,72,72.52,5377.84,7796.13,19.3,0
TELCO-10736,Mailed Check,9,115.02,1085.24,4544.3,25.3,1
TELCO-10737,Bank Withdrawal,50,38.36,1881.23,7110.19,11.7,0
TELCO-10738,Credit Card,35,60.56,2109.41,7153.27,43.3,0
TELCO-10739,Bank Withdrawal,68,49.63,3468.59,7810.09,11.3,0
TELCO-10740,Electronic Check,65,22.44,1413.41,7781.37,42.1,0
TELCO-10741,Mailed Check,42,34.04,1492.3,6095.23,74.4,0
TELCO-10742,Bank Withdrawal,27,91.01,2462.76,2693.49,40.1,0
TELCO-10743,Credit Card,12,52.66,648.74,5155.0,75.8,1
TELCO-10744,Credit Card,40,82.61,3233.87,5395.24,19.4,0
TELCO-10745,Electronic Check,16,46.72,781.78,4418.32,15.1,1
TELCO-10746,Credit Card,27,73.17,2063.16,6293.01,47.6,0
TELCO-10747,Bank Withdrawal,22,26.98,590.22,3135.33,52.9,0
TELCO-10748,Electronic Check,7,30.38,205.83,4357.55,6.5,1
TELCO-10749,Electronic Check,46,50.62,2368.31,5550.68,69.8,0
TELCO-10750,Electronic Check,17,29.11,474.94,3821.76,68.6,0
TELCO-10751,Electronic Check,61,42.71,2635.78,7632.88,20.6,0
TELCO-10752,Electronic Check,24,88.56,2206.72,4639.77,57.2,0
TELCO-10753,Credit Card,9,66.58,579.49,5680.74,31.2,0
TELCO-10754,Bank Withdrawal,66,30.09,1951.36,6572.53,69.9,0
TELCO-10755,Mailed Check,69,65.18,4382.15,4440.59,51.0,0
TELCO-10756,Electronic Check,50,26.47,1314.39,7660.92,19.3,0
TELCO-10757,Mailed Check,70,88.03,6309.6,6953.59,16.4,0
TELCO-10758,Electronic Check,15,78.03,1208.14,3167.78,40.4,0
TELCO-10759,Electronic Check,9,78.63,730.31,3198.34,58.9,1
TELCO-10760,Credit Card,12,41.33,508.61,5944.28,13.5,0
TELCO-10761,Bank Withdrawal,20,64.39,1281.0,3425.48,26.2,0
TELCO-10762,Mailed Check,39,75.89,3090.92,4431.27,77.8,1
TELCO-10763,Mailed Check,12,77.11,957.49,6136.27,52.8,0
TELCO-10764,Credit Card,48,108.31,5230.09,7104.13,82.3,1
TELCO-10765,Credit Card,37,104.84,3838.07,4356.57,21.5,0
TELCO-10766,Electronic Check,52,57.39,2976.78,4147.02,47.2,0
TELCO-10767,Electronic Check,47,102.32,4890.83,3779.25,14.8,0
TELCO-10768,Credit Card,3,34.11,107.19,2685.99,75.4,0
TELCO-10769,Bank Withdrawal,54,104.29,5874.0,6154.62,76.2,0
TELCO-10770,Electronic Check,66,61.56,3951.53,5561.47,70.1,0
TELCO-10771,Credit Card,64,102.99,6532.59,6057.75,21.7,0
TELCO-10772,Mailed Check,5,115.87,556.94,3791.9,49.2,1
TELCO-10773,Credit Card,19,91.56,1783.23,3732.39,45.7,0
TELCO-10774,Credit Card,67,107.21,7356.67,7996.85,9.3,0
TELCO-10775,Credit Card,70,98.21,6767.14,6753.37,27.9,1
TELCO-10776,Electronic Check,59,70.24,4111.43,7797.62,40.9,0
TELCO-10777,Mailed Check,38,36.42,1356.84,6482.6,59.7,0
TELCO-10778,Mailed Check,8,81.67,663.57,3012.89,50.0,1
TELCO-10779,Credit Card,37,67.51,2568.75,3559.23,12.5,1
TELCO-10780,Mailed Check,36,104.07,3624.61,5062.97,3.2,1
TELCO-10781,Bank Withdrawal,58,56.24,3175.87,4263.64,16.6,0
TELCO-10782,Credit Card,44,116.44,5288.19,6869.26,82.3,0
TELCO-10783,Electronic Check,50,43.32,2103.37,6554.62,38.5,0
TELCO-10784,Mailed Check,7,82.94,561.28,3469.35,64.7,1
TELCO-10785,Mailed Check,61,93.12,5612.04,6700.24,64.5,0
TELCO-10786,Electronic Check,34,34.22,1213.19,4369.69,74.2,1
TELCO-10787,Mailed Check,68,86.92,5991.79,8002.83,5.4,0
TELCO-10788,Electronic Check,35,52.83,1877.59,4135.19,24.2,1
TELCO-10789,Bank Withdrawal,25,70.96,1740.87,2672.6,58.3,0
TELCO-10790,Credit Card,9,21.17,189.5,2712.37,10.1,1
TELCO-10791,Mailed Check,33,38.92,1340.68,5279.72,4.0,1
TELCO-10792,Bank Withdrawal,16,89.39,1377.31,5353.78,12.0,0
TELCO-10793,Bank Withdrawal,15,88.17,1380.24,5249.51,23.0,0
TELCO-10794,Mailed Check,55,87.84,4713.96,6888.29,57.4,0
TELCO-10795,Mailed Check,8,57.51,481.04,2890.99,29.6,1
TELCO-10796,Electronic Check,9,68.19,593.98,3939.26,79.1,1
TELCO-10797,Bank Withdrawal,70,95.33,6948.44,6969.3,20.1,0
TELCO-10798,Credit Card,5,27.15,135.02,5659.31,49.4,1
TELCO-10799,Bank Withdrawal,1,111.42,113.65,5595.78,57.2,1
TELCO-10800,Credit Card,66,89.35,5840.44,6924.95,66.0,0
TELCO-10801,Credit Card,70,42.13,3031.62,4295.42,33.9,0
TELCO-10802,Mailed Check,43,86.82,3904.55,3483.0,35.3,0
TELCO-10803,Mailed Check,11,102.44,1093.39,4270.14,65.1,1
TELCO-10804,Electronic Check,25,49.29,1255.52,4314.27,34.4,1
TELCO-10805,Electronic Check,25,33.71,850.58,4826.55,18.0,0
TELCO-10806,Credit Card,70,83.05,5994.75,8099.58,43.5,0
TELCO-10807,Credit Card,5,53.25,263.73,3077.55,30.0,0
TELCO-10808,Electronic Check,69,34.6,2276.83,4362.16,50.1,0
TELCO-10809,Credit Card,61,108.9,6741.74,3589.64,53.3,0
TELCO-10810,Credit Card,40,100.43,4151.92,3287.81,10.1,0
TELCO-10811,Credit Card,15,68.72,1062.18,4292.95,68.3,0
TELCO-10812,Electronic Check,42,31.84,1313.42,7391.12,58.8,0
TELCO-10813,Bank Withdrawal,6,78.12,451.9,3518.19,29.8,1
TELCO-10814,Mailed Check,71,36.17,2473.92,7334.74,22.2,0
TELCO-10815,Electronic Check,21,21.53,437.64,2426.14,42.4,1
TELCO-10816,Mailed Check,54,87.96,4572.62,3993.9,67.8,0
TELCO-10817,Mailed Check,67,64.14,4379.75,5858.22,21.9,1
TELCO-10818,Electronic Check,12,81.46,929.09,2860.38,67.0,1
TELCO-10819,Credit Card,68,115.73,8252.72,5983.93,53.4,0
TELCO-10820,Electronic Check,27,47.09,1294.98,7033.58,18.1,0
TELCO-10821,Electronic Check,64,37.28,2420.48,4382.79,57.6,1
TELCO-10822,Electronic Check,33,52.76,1661.57,6156.88,68.8,0
TELCO-10823,Bank Withdrawal,21,96.98,2117.04,5271.31,42.3,1
TELCO-10824,Mailed Check,54,39.48,2191.4,4817.6,58.2,0
TELCO-10825,Credit Card,31,92.3,2781.37,4894.46,74.2,0
TELCO-10826,Electronic Check,7,107.27,747.51,3917.99,14.0,0
TELCO-10827,Bank Withdrawal,59,90.54,5182.79,4047.45,54.5,0
TELCO-10828,Credit Card,36,33.38,1162.17,4446.09,72.7,0
TELCO-10829,Mailed Check,21,97.38,1977.48,6890.61,55.0,0
TELCO-10830,Bank Withdrawal,12,60.35,703.66,4430.7,45.3,0
TELCO-10831,Electronic Check,36,21.42,751.67,4854.12,37.5,0
TELCO-10832,Bank Withdrawal,20,109.55,2091.14,6960.73,76.6,0
TELCO-10833,Credit Card,55,72.05,4090.07,5410.99,41.8,0
TELCO-10834,Bank Withdrawal,11,74.73,859.02,2872.2,3.0,0
TELCO-10835,Mailed Check,31,83.47,2537.07,5939.87,9.5,0
TELCO-10836,Credit Card,59,65.45,3739.89,7396.98,13.5,0
TELCO-10837,Electronic Check,1,104.32,102.58,2172.21,7.9,0
TELCO-10838,Electronic Check,35,88.41,3003.73,5955.99,52.8,0
TELCO-10839,Mailed Check,8,70.44,538.25,3423.3,77.5,1
TELCO-10840,Electronic Check,6,55.83,320.48,4842.02,16.5,1
TELCO-10841,Bank Withdrawal,18,116.16,2086.38,6176.17,21.8,1
TELCO-10842,Bank Withdrawal,29,51.41,1479.4,2970.07,76.5,0
TELCO-10843,Mailed Check,45,64.34,2886.66,5518.57,43.6,0
TELCO-10844,Mailed Check,58,80.85,4834.1,7683.94,68.4,0
TELCO-10845,Credit Card,25,107.41,2792.11,3422.68,40.0,1
TELCO-10846,Credit Card,14,36.15,488.41,2769.15,11.3,1
TELCO-10847,Credit Card,38,60.82,2305.13,4840.58,58.6,0
TELCO-10848,Credit Card,38,38.53,1513.18,5288.29,3.8,0
TELCO-10849,Mailed Check,53,76.71,4060.0,6321.35,56.4,0
TELCO-10850,Electronic Check,59,49.8,2841.75,4645.03,13.0,0
TELCO-10851,Electronic Check,48,115.13,5445.07,4751.67,65.9,1
TELCO-10852,Bank Withdrawal,21,89.76,1948.92,5642.87,25.7,0
TELCO-10853,Bank Withdrawal,21,43.31,875.54,3696.83,5.4,0
TELCO-10854,Bank Withdrawal,27,75.12,1996.57,4353.12,4.9,0
TELCO-10855,Bank Withdrawal,69,49.55,3418.75,4379.23,78.4,0
TELCO-10856,Electronic Check,41,35.29,1447.96,5937.6,82.5,0
TELCO-10857,Mailed Check,61,107.81,6901.33,6525.99,82.5,0
TELCO-10858,Electronic Check,44,87.54,3712.87,5579.32,62.7,0
TELCO-10859,Mailed Check,4,59.36,227.76,1847.65,71.8,1
TELCO-10860,Bank Withdrawal,68,41.77,2704.75,6122.86,79.7,0
TELCO-10861,Electronic Check,12,115.63,1401.88,4602.0,34.7,0
TELCO-10862,Credit Card,47,58.96,2739.56,3229.86,61.4,0
TELCO-10863,Mailed Check,45,50.19,2194.34,7120.12,39.0,0
TELCO-10864,Electronic Check,57,48.29,2731.56,7458.93,68.9,0
TELCO-10865,Bank Withdrawal,12,34.08,409.99,3809.38,27.2,0
TELCO-10866,Electronic Check,12,20.65,239.74,3879.54,55.0,1
TELCO-10867,Bank Withdrawal,26,38.23,948.48,6368.12,33.7,0
TELCO-10868,Mailed Check,64,74.81,4549.62,4282.05,40.5,1
TELCO-10869,Electronic Check,16,84.07,1344.03,5495.29,76.1,0
TELCO-10870,Bank Withdrawal,4,31.7,121.31,5455.05,25.0,0
TELCO-10871,Electronic Check,56,105.1,5999.92,3938.13,54.1,0
TELCO-10872,Credit Card,34,35.96,1268.89,3459.74,6.9,0
TELCO-10873,Bank Withdrawal,7,46.72,322.33,3479.35,36.8,0
TELCO-10874,Credit Card,66,38.99,2598.75,4402.11,54.1,0
TELCO-10875,Mailed Check,41,101.03,4219.05,5622.56,58.9,1
TELCO-10876,Credit Card,69,76.84,5311.59,4903.56,70.3,1
TELCO-10877,Electronic Check,53,53.35,2729.87,3820.01,77.6,1
TELCO-10878,Bank Withdrawal,72,80.12,5787.15,6280.01,71.0,0
TELCO-10879,Credit Card,54,65.13,3665.93,5507.83,8.3,0
TELCO-10880,Mailed Check,47,33.62,1583.79,7540.5,38.7,0
TELCO-10881,Bank Withdrawal,39,22.82,921.74,3615.62,69.6,0
TELCO-10882,Bank Withdrawal,40,32.28,1315.84,6028.13,12.8,1
TELCO-10883,Credit Card,3,95.92,276.47,5143.75,64.9,1
TELCO-10884,Credit Card,61,31.65,1963.01,6920.48,23.0,0
TELCO-10885,Credit Card,27,77.59,1996.31,3330.01,18.6,0
TELCO-10886,Mailed Check,45,54.52,2481.11,5397.09,73.0,0
TELCO-10887,Credit Card,13,100.32,1332.31,6664.19,65.3,0
TELCO-10888,Bank Withdrawal,69,20.42,1468.22,7555.84,62.2,0
TELCO-10889,Electronic Check,47,88.42,3992.55,6931.34,17.4,0
TELCO-10890,Electronic Check,55,41.0,2364.28,3431.27,20.9,1
TELCO-10891,Credit Card,67,33.32,2245.19,3857.74,65.3,0
TELCO-10892,Mailed Check,64,31.34,1968.05,7992.81,25.5,0
TELCO-10893,Electronic Check,29,74.28,2087.08,3038.24,26.1,0
TELCO-10894,Electronic Check,48,37.57,1732.16,5171.26,84.9,0
TELCO-10895,Credit Card,16,34.05,523.1,6563.81,35.3,0
TELCO-10896,Bank Withdrawal,9,55.64,517.99,3544.3,18.5,1
TELCO-10897,Bank Withdrawal,55,91.07,5049.88,4603.38,25.1,0
TELCO-10898,Electronic Check,46,66.63,3060.24,4405.01,52.1,0
TELCO-10899,Electronic Check,14,31.97,467.38,1983.76,42.6,1
TELCO-10900,Credit Card,9,68.82,625.86,3196.3,4.2,1
TELCO-10901,Mailed Check,13,94.5,1227.54,4422.1,56.9,0
TELCO-10902,Mailed Check,64,68.04,4511.18,6059.79,23.7,0
TELCO-10903,Credit Card,56,106.25,6159.96,5391.5,11.9,0
TELCO-10904,Credit Card,5,37.33,193.83,2863.65,56.7,0
TELCO-10905,Electronic Check,18,50.62,917.43,4657.49,34.3,0
TELCO-10906,Electronic Check,61,75.1,4472.71,5684.7,15.0,1
TELCO-10907,Electronic Check,46,95.11,4414.64,3226.89,25.6,1
TELCO-10908,Mailed Check,45,99.34,4526.25,4837.58,50.5,0
TELCO-10909,Electronic Check,45,117.21,5139.54,3680.8,36.2,1
TELCO-10910,Mailed Check,11,109.22,1181.91,1863.7,7.4,1
TELCO-10911,Mailed Check,5,65.17,338.93,2824.78,73.7,1
TELCO-10912,Electronic Check,3,116.6,352.34,5212.47,33.4,1
TELCO-10913,Credit Card,27,52.92,1405.91,5441.73,43.7,0
TELCO-10914,Mailed Check,56,39.77,2132.54,7226.5,54.7,0
TELCO-10915,Bank Withdrawal,37,45.99,1753.46,5735.58,26.7,0
TELCO-10916,Credit Card,13,78.0,1017.15,4246.98,24.7,0
TELCO-10917,Mailed Check,10,83.85,832.87,4679.76,27.1,0
TELCO-10918,Bank Withdrawal,54,59.43,3293.76,4162.7,53.9,0
TELCO-10919,Credit Card,67,104.55,7328.56,7014.94,49.9,0
TELCO-10920,Electronic Check,35,111.84,4019.74,4826.76,46.2,0
TELCO-10921,Credit Card,67,39.66,2722.7,7119.89,40.4,0
TELCO-10922,Electronic Check,53,51.23,2634.7,4680.97,70.9,1
TELCO-10923,Mailed Check,21,45.13,911.11,3388.62,51.9,0
TELCO-10924,Bank Withdrawal,40,65.49,2658.09,3166.52,48.5,0
TELCO-10925,Bank Withdrawal,35,33.37,1186.48,3666.93,23.4,0
TELCO-10926,Credit Card,63,96.66,5976.26,4915.91,6.6,0
TELCO-10927,Credit Card,53,107.88,5658.69,7104.15,57.7,0
TELCO-10928,Bank Withdrawal,31,30.97,962.18,6505.42,63.0,0
TELCO-10929,Mailed Check,64,106.69,7037.57,4581.79,21.8,1
TELCO-10930,Electronic Check,31,111.68,3363.1,3510.46,20.1,1
TELCO-10931,Electronic Check,33,104.56,3519.36,3333.33,6.6,0
TELCO-10932,Electronic Check,61,86.91,5533.17,5158.49,82.0,0
TELCO-10933,Mailed Check,40,22.07,912.95,5980.01,82.2,0
TELCO-10934,Credit Card,31,44.79,1416.35,6839.21,33.9,0
TELCO-10935,Credit Card,69,104.96,7539.02,5493.39,73.2,0
TELCO-10936,Mailed Check,39,28.84,1092.19,6481.11,70.3,1
TELCO-10937,Electronic Check,41,106.19,4150.85,6424.0,65.6,1
TELCO-10938,Electronic Check,61,92.22,5581.75,7658.46,78.9,0
TELCO-10939,Credit Card,21,88.45,1876.42,6185.43,44.0,0
TELCO-10940,Mailed Check,59,88.13,5035.23,5470.32,65.2,0
TELCO-10941,Bank Withdrawal,1,59.26,56.78,2235.2,54.1,1
TELCO-10942,Bank Withdrawal,53,97.68,5298.79,4498.06,28.5,0
TELCO-10943,Mailed Check,37,39.47,1515.36,6676.41,36.4,1
TELCO-10944,Bank Withdrawal,3,112.91,343.02,6155.8,78.6,0
TELCO-10945,Electronic Check,26,45.65,1200.91,4851.77,72.7,1
TELCO-10946,Bank Withdrawal,12,113.89,1300.28,4666.27,16.1,0
TELCO-10947,Electronic Check,64,31.61,2096.26,6619.55,61.2,1
TELCO-10948,Mailed Check,64,57.44,3571.6,6808.4,37.8,1
TELCO-10949,Bank Withdrawal,54,37.68,2131.6,3909.69,67.8,1
TELCO-10950,Electronic Check,32,56.22,1710.94,3399.42,58.8,0
TELCO-10951,Mailed Check,51,87.31,4557.94,4428.02,61.2,0
TELCO-10952,Credit Card,72,25.76,1930.43,8285.33,29.6,0
TELCO-10953,Credit Card,1,44.86,44.39,3194.06,53.4,1
TELCO-10954,Credit Card,23,45.51,1086.29,3168.64,43.8,0
TELCO-10955,Mailed Check,68,62.43,4448.38,5946.45,23.6,0
TELCO-10956,Mailed Check,47,110.77,5264.98,6602.04,25.5,0
TELCO-10957,Mailed Check,67,50.68,3563.49,7111.54,76.1,0
TELCO-10958,Bank Withdrawal,72,103.6,7125.94,4468.79,56.6,0
TELCO-10959,Bank Withdrawal,24,23.51,560.65,7078.41,23.6,0
TELCO-10960,Electronic Check,6,63.27,378.02,2156.21,84.1,1
TELCO-10961,Bank Withdrawal,16,54.26,897.24,5774.71,18.9,0
TELCO-10962,Mailed Check,28,77.19,2176.62,4573.89,82.6,0
TELCO-10963,Credit Card,32,95.29,2904.73,5865.91,58.2,0
TELCO-10964,Credit Card,51,56.61,2836.16,3404.94,79.1,0
TELCO-10965,Electronic Check,62,64.5,3801.37,7913.97,81.3,0
TELCO-10966,Electronic Check,42,112.85,4880.48,3631.94,85.0,0
TELCO-10967,Credit Card,37,51.67,1998.18,4141.26,6.6,1
TELCO-10968,Electronic Check,33,37.45,1185.08,6660.56,82.1,0
TELCO-10969,Bank Withdrawal,50,96.39,4893.75,3792.71,25.6,0
TELCO-10970,Electronic Check,56,92.12,5212.12,5015.7,78.5,0
TELCO-10971,Credit Card,48,70.24,3363.58,5733.76,42.6,0
TELCO-10972,Electronic Check,12,94.14,1122.24,4217.08,69.3,0
TELCO-10973,Credit Card,66,53.49,3596.09,4347.81,40.5,0
TELCO-10974,Electronic Check,68,81.7,5520.8,7782.43,45.5,0
TELCO-10975,Electronic Check,39,34.56,1393.87,5328.91,12.6,0
TELCO-10976,Mailed Check,7,74.0,518.55,3533.59,78.1,1
TELCO-10977,Electronic Check,33,54.83,1721.86,6157.32,50.6,0
TELCO-10978,Electronic Check,23,97.05,2213.46,5244.7,72.0,1
TELCO-10979,Mailed Check,59,94.22,5470.78,7606.5,39.3,0
TELCO-10980,Bank Withdrawal,28,38.14,1107.61,3178.49,64.0,0
TELCO-10981,Credit Card,1,58.7,58.47,3847.91,3.1,0
TELCO-10982,Electronic Check,39,80.61,3198.43,6081.32,82.8,0
TELCO-10983,Electronic Check,39,28.59,1150.24,5607.15,13.2,1
TELCO-10984,Bank Withdrawal,4,40.5,160.96,4917.27,55.8,0
TELCO-10985,Bank Withdrawal,12,49.49,565.48,3047.47,40.5,0
TELCO-10986,Bank Withdrawal,57,114.46,6579.82,4331.02,41.1,0
TELCO-10987,Electronic Check,7,52.72,366.52,4045.59,10.5,0
TELCO-10988,Electronic Check,71,117.9,8382.08,7035.76,5.1,0
TELCO-10989,Electronic Check,30,90.0,2650.28,2535.8,45.8,1
TELCO-10990,Electronic Check,61,31.46,1909.14,5488.04,53.7,0
TELCO-10991,Bank Withdrawal,37,91.17,3375.87,5569.46,40.9,0
TELCO-10992,Mailed Check,60,32.85,2061.63,7248.86,26.4,0
TELCO-10993,Mailed Check,61,98.38,5870.63,6896.64,72.1,0
TELCO-10994,Electronic Check,17,36.98,647.11,6668.75,15.0,0
TELCO-10995,Electronic Check,39,43.0,1653.32,4148.64,48.2,0
TELCO-10996,Bank Withdrawal,23,101.14,2224.72,4012.79,76.2,1
TELCO-10997,Bank Withdrawal,16,75.07,1235.34,5862.18,42.4,0
TELCO-10998,Mailed Check,20,103.63,1990.55,2726.9,74.5,0
TELCO-10999,Electronic Check,59,114.34,6936.06,6218.45,64.7,0
