year,month,unemployment
2010,1,5.48
2010,2,4.36
2010,3,6.43
2010,4,5.03
2010,5,6.16
2010,6,4.22
2010,7,5.64
2010,8,6.45
2010,9,3.39
2010,10,5.03
2010,11,4.04
2010,12,6.21
2011,1,7.97
2011,2,6.73
2011,3,5.89
2011,4,4.86
2011,5,5.8
2011,6,8.43
2011,7,3.78
2011,8,4.96
2011,9,7.82
2011,10,7.92
2011,11,5.77
2011,12,6.13
2012,1,4.16
2012,2,3.2
2012,3,7.51
2012,4,7.09
2012,5,7.85
2012,6,7.73
2012,7,6.36
2012,8,4.54
2012,9,4.66
2012,10,3.55
2012,11,4.39
2012,12,7.21
2013,1,4.49
2013,2,5.46
2013,3,6.04
2013,4,7.48
2013,5,5.05
2013,6,6.5
2013,7,7.04
2013,8,3.74
2013,9,3.99
2013,10,5.15
2013,11,5.05
2013,12,4.74
2014,1,4.91
2014,2,6.04
2014,3,4.04
2014,4,5.35
2014,5,6.55
2014,6,6.6
2014,7,5.99
2014,8,6.12
2014,9,5.2
2014,10,5.79
2014,11,4.36
2014,12,3.53
2015,1,3.74
2015,2,6.25
2015,3,6.87
2015,4,6.42
2015,5,4.96
2015,6,4.76
2015,7,5.79
2015,8,3.2
2015,9,7.59
2015,10,5.35
2015,11,5.74
2015,12,4.72
2016,1,6.79
2016,2,5.12
2016,3,5.98
2016,4,4.4
2016,5,6.21
2016,6,6.27
2016,7,6.97
2016,8,3.49
2016,9,8.31
2016,10,6.2
2016,11,6.3
2016,12,7.26
2017,1,5.77
2017,2,5.06
2017,3,8.35
2017,4,6.45
2017,5,6.23
2017,6,4.71
2017,7,6.44
2017,8,5.12
2017,9,6.24
2017,10,6.18
2017,11,4.12
2017,12,5.88
2018,1,3.37
2018,2,5.71
2018,3,5.88
2018,4,8.32
2018,5,3.49
2018,6,4.6
2018,7,4.62
2018,8,4.4
2018,9,4.72
2018,10,9.03
2018,11,5.0
2018,12,6.38
2019,1,7.46
2019,2,7.3
2019,3,5.62
2019,4,3.67
2019,5,5.4
2019,6,8.43
2019,7,5.43
2019,8,3.2
2019,9,4.63
2019,10,6.17
2019,11,5.6
2019,12,6.22
2020,1,5.79
2020,2,6.61
2020,3,5.07
2020,4,16.43
2020,5,18.1
2020,6,6.45
2020,7,5.8
2020,8,7.45
2020,9,5.78
2020,10,6.13
2020,11,7.04
2020,12,6.34
2021,1,4.26
2021,2,4.79
2021,3,5.44
2021,4,5.01
2021,5,5.74
2021,6,4.32
2021,7,5.88
2021,8,4.98
2021,9,6.04
2021,10,5.94
2021,11,6.16
2021,12,6.84
2022,1,5.02
2022,2,3.52
2022,3,5.79
2022,4,4.36
2022,5,6.02
2022,6,5.11
2022,7,5.37
2022,8,5.68
2022,9,3.62
2022,10,4.72
2022,11,5.21
2022,12,3.2
